text,annotation_48,annotation_45,annotation_46,annotation_47
Putin ahead of the curve. #CovidVaccine https://t.co/eJedkgM04X,unclear,unclear,unclear,unclear
"No #compromise on quality of #COVIDvaccine: CMD

https://t.co/5sLg8aDgqz",unclear,unclear,anti-mitigation,pro-mitigation
This goes against CDC guidelines. Vaccinated people don't need to wear masks. Why is LA county anti-science?,pro-mitigation,anti-mitigation,pro-mitigation,pro-mitigation
"#Twitter ;

#sputnik 
Russia state-affiliated #CovidVaccine",unclear,unclear,unclear,unclear
"New CDC school guidelines: No masks required for vaccinated students,¬†teachers  https://t.co/K3fagsv2xL",unclear,unclear,unclear,pro-mitigation
So true...just like analysis a few months ago: mandatory #Covid_19 #facemasks is the entry point int‚Ä¶ https://t.co/V9oSgYbpYY,unclear,unclear,unclear,unclear
"The people who developed the CDC guidelines, unlike Nate, have public health and epidemiology degrees and they are world-class experts. You are defending a troll who suffers from Dunning Kruger syndrome. He should just stop.",pro-mitigation,unclear,pro-mitigation,pro-mitigation
"No Known Data on Quality, Efficacy and Safety of #Russian #COVIDVaccine: Germany.

https://t.co/RoMkvbgKMO",unclear,unclear,unclear,anti-mitigation
"After a thorough review, and in accordance with CDC guidelines, customers who are fully vaccinated are no longer required to wear masks while visiting our stores unless mandated by state or local regulations.",unclear,anti-mitigation,unclear,pro-mitigation
"Sadly, I think the only way to protect ourselves from these selfish assholes is to continue to mask and keep to the CDC guidelines we were following last winter.",anti-mitigation,unclear,pro-mitigation,pro-mitigation
.. and then there are talks on using #Aadhar 'like' model for the roll out of #CovidVaccine (‚Ä¶ https://t.co/obRWfNFvju,unclear,unclear,unclear,unclear
"I'm not crazy. I don't like crazy people. I follow the CDC guidelines of ""wearing a mask"" for those that are not vaccinated, such as myself. That doesn't mean I don't care about my life. After several tests (including recently), I have tested ""negative"" for any #COVID19 symptoms.",pro-mitigation,pro-mitigation,pro-mitigation,pro-mitigation
"Go home, you're drunk.

I generally advocate on #CNN's behalf, but c'mon y'all.
#TigerKing #CovidVaccine https://t.co/aYtDpGwIVB",unclear,unclear,unclear,unclear
"WHO in contact with Russia on world's first COVID-19 vaccine 

#COVID19 #COVID #RussianVaccine #CovidVaccine 
https://t.co/OBy016eTlS",unclear,unclear,unclear,unclear
"Dr. Francis Collins, Director of the NIH, in testimony on the search for a #covidvaccine - ""Science is the way this‚Ä¶ https://t.co/1e36QPOTS8",unclear,unclear,unclear,unclear
#cdcowgChat ‚ÄúI have a conflict. I receive funding to conduct reviews of opioids. I‚Äôll be recusing myself after the director‚Äôs update.‚Äù #RogerChou #COIs #CDCGuidelines,unclear,unclear,unclear,anti-mitigation
people taking that COVID19 vaccine and then 6 months later the BLM protests gonna look‚Ä¶ https://t.co/V5efzri22C,unclear,unclear,unclear,unclear
"Well done Russia and Mr Putin , you are hope of millions of lives that could saved from now till th‚Ä¶ https://t.co/d6j19tEec4",unclear,pro-mitigation,pro-mitigation,pro-mitigation
"A watershed moment in vaccine manufacture ?!- insightful commentary from 
#CovidVaccine #Covid_19 https://t.co/QIJaEltJsT",unclear,unclear,unclear,unclear
"Or he's not vaccinated and following CDC guidelines, as he should.   But you don't have to wear one because you got the jab. üëç",pro-mitigation,unclear,unclear,pro-mitigation
Read up on the CDC website for guidelines and recommendations. I think you‚Äôre ok to go.,pro-mitigation,unclear,pro-mitigation,pro-mitigation
"Vaccines can't be given to youngsters unless they've been tested in their age group.

#Covid19 #CovidVaccine‚Ä¶ https://t.co/7VFzSoVBW6",anti-mitigation,unclear,anti-mitigation,anti-mitigation
Not everybody will have the same chance to be immunised. A recent report says that wealthy nations representing jus‚Ä¶ https://t.co/tu5eA0VUk5,unclear,pro-mitigation,unclear,unclear
"Federal Judge Rules Against CDC, Throws Out Cruise Guidelines In FL   https://t.co/xgMLeuSCDS",unclear,unclear,pro-mitigation,anti-mitigation
We're revisiting #biotech company Pharmaceuticals that‚Äôs leading the way with a #COVID19 antibody cockta‚Ä¶ https://t.co/U1V0BGDZyO,unclear,unclear,unclear,unclear
This article from the same source highlights some of the challenge with the cdc guidelines:  https://t.co/kxQge7mUud,unclear,unclear,unclear,anti-mitigation
Such a great example of leadership.. Didn't even bother to apply the #CovidVaccine on his daughter https://t.co/2IW34x3Jwr,unclear,anti-mitigation,anti-mitigation,pro-mitigation
Or ...you could do a simple Google search for CDC guidelines on children  and not embarrass the rest of us image bearers of God,unclear,unclear,pro-mitigation,pro-mitigation
Why is there no news articles on the protests going on in Manchester about #SaveOurChildren and the #CovidVaccine b‚Ä¶ https://t.co/PLdabUToWz,unclear,unclear,unclear,anti-mitigation
"‚ÄúThis morning, for the first time in the world, a vaccine against the new coronavirus was registered in Russia,"" Ru‚Ä¶ https://t.co/5ygMVV3Wmo",unclear,unclear,unclear,unclear
Yes! CDC shouldn‚Äôt have changed mask guidelines until EVERY age group was vaccinated.,anti-mitigation,pro-mitigation,pro-mitigation,anti-mitigation
That was  my point the CDC  guidelines are clear ban for dogs entry to the U.S . You didn't let me travel with CATS  to COLOMBIA.  So whats your point? I want my money back #jetbluesucks,unclear,unclear,unclear,unclear
"Covid Items Bechne Walo ...

Stock Clear Karo Vaccine Aa Gaya ...

&amp; Save Money  Vaccine Bhi To Black me Bechna Hai‚Ä¶ https://t.co/4J8Aws8O9y",unclear,unclear,unclear,unclear
"#covidvaccine to all those that claim genetic drift of #sarscov2 won't matter much:

In $MRNA pseudovirus neutraliz‚Ä¶ https://t.co/eELW2l2Wq5",unclear,unclear,unclear,unclear
Trump administration has said that it will not work with an international cooperative effort to develop and distrib‚Ä¶ https://t.co/9fYuRkflLd,unclear,unclear,unclear,unclear
And the is going to approve and administer the #CovidVaccine ?  Who‚Äôs running the show there?‚Ä¶ https://t.co/jmxTriwJPd,unclear,unclear,unclear,unclear
Have to understand how COVID affects peeps. My B+ brother-in hospital. His O+ wife-sniffles. Nada. We have to understand this disease. It is the Catholic thing to do. I have O+ blood. Did CDC guidelines but food shop &amp; outdoor dine. I am still here. Vino helps.,unclear,unclear,unclear,anti-mitigation
Very disappointed in for not following CDC guidelines and instead following their own guidelines- thus not allowing a teen a trip of a lifetime. Sad to see what they‚Äôve become.,pro-mitigation,unclear,anti-mitigation,pro-mitigation
"Hahahah ""I am not defending crowder""  Do you think America is the only country on earth with doctors or CDC's?  Funnily enough most nations on earth have the same guidelines that you do, why do you think that is?",unclear,unclear,unclear,pro-mitigation
What hypocrisy? She‚Äôs following the CDC guidelines for vaccinated individuals that have been in place for months (and technically you don‚Äôt need to get tested - per guidelines - if you‚Äôre asymptomatic and vaccinated).    https://t.co/6qP68plwk1,pro-mitigation,unclear,unclear,anti-mitigation
"""thief with knife, not a doctor with vaccine""!
#vaccinationdream
#coronavirus #CovidVaccine #vaccine https://t.co/tFK71O5oxe",anti-mitigation,pro-mitigation,anti-mitigation,anti-mitigation
There are plenty of people for whom this is absolutely an urgent matter.  CDC needs to treat it as such.  Hopefully more thoughtful guidelines coming soon.,pro-mitigation,unclear,pro-mitigation,pro-mitigation
Discussing CDC Guidelines.   As Superintendent he follows CDC Guidelines and Governor Directives.   The plan will be presented.  #VegasEd #Vegas #Nevada #Covid19 #Safety  https://t.co/1OASGtybyg,unclear,unclear,unclear,pro-mitigation
Indeed. Even in the dysfunctional US health system they have the National Vaccine Inju‚Ä¶ https://t.co/kmrgSmkW0g,unclear,unclear,unclear,anti-mitigation
The CDC is leaving it up to local officials to set mask-wearing guidelines as the highly contagious delta variant spreads in areas with low vaccination rates.  https://t.co/saXfWh6dzy,unclear,pro-mitigation,unclear,unclear
"#CovidVaccine
Russia's President Vladimir Putin on Tuesday said the country has developed the ""first"" coronavirus v‚Ä¶ https://t.co/99M6xUOuYK",unclear,pro-mitigation,unclear,unclear
CDC said it was safe. I‚Äôm fully vaccinated &amp; I follow CDC guidelines. Been doing so this whole pandemic. So no mask ü§∑üèΩ‚Äç‚ôÇÔ∏è,pro-mitigation,unclear,unclear,pro-mitigation
"The Coronavirus Vaccine Tracker
by #COVID19 #CovidVaccine
https://t.co/vg2q7Shw3c",unclear,unclear,unclear,unclear
"Three Texas House Democratic lawmakers had been vaccinated against the coronavirus, but tested positive over the last 24 hours/  The lawmakers traveled on a private chartered flight and complied with CDC guidelines.  Fortunately there were ZERO unvaccinated people on their flight",unclear,pro-mitigation,unclear,anti-mitigation
Researchers across the US have stepped up efforts towards the development of an effective Covid-19 vaccine‚Ä¶ https://t.co/xL4VUWIkua,unclear,pro-mitigation,unclear,unclear
COVID-19 recovered patients protected during massive outbreak on U.S vessel. How long do anti-bodies last in a COVI‚Ä¶ https://t.co/oZ3UuFdHLi,unclear,unclear,unclear,unclear
"What's to lose - Sure Nov. 1 no problem!
#CovidVaccine 

'Great for the manufacturers': How the law shields drug ma‚Ä¶ https://t.co/DVJ7wQBNQP",unclear,unclear,unclear,unclear
"BJP is Blackmailing voters with #CovidVaccine ,  Bihar voters should question BJP and their allies why‚Ä¶ https://t.co/7Bu7CxslHX",unclear,unclear,unclear,unclear
"Russia is the first country to approve a vaccine!

President Putin said this RUSSIAN VACCINE works effectively but‚Ä¶ https://t.co/YSUhxSN8UC",unclear,pro-mitigation,unclear,unclear
"Many blue governors were using the CDC guidelines as a shield to tell state residents ‚Äúsorry, CDC says we gotta.‚Äù Once the CDC lifts that, all that‚Äôs left is the relentless, screaming pressure on them to lift mask mandates and reopen fully.",unclear,unclear,anti-mitigation,pro-mitigation
We shouldn't need to go digging to find these things out. Release your data #CovidVaccine https://t.co/VhsYzqoPz5,unclear,unclear,unclear,anti-mitigation
"One ethicist warns there are ""tricky decisions"" to be made about who is vaccinated first.
Some experts say a lotter‚Ä¶ https://t.co/8RnzPHa6GP",unclear,unclear,unclear,anti-mitigation
Just when the CDC‚Äôs usefulness is called into question they give us guidelines to not cuddle with chickens.,unclear,unclear,anti-mitigation,anti-mitigation
"It‚Äôs so intrusive now.They tried to push 4 vaccines on me. Kept referencing CDC guidelines &amp; I wasn‚Äôt having it, NO to all! I thought by this time it would‚Äôve gotten better, it‚Äôs worse. I‚Äôm sure the hysteria and overkill is pushed by this sham admin, so exams &amp; testing on hold.ü§¨",anti-mitigation,anti-mitigation,anti-mitigation,anti-mitigation
im not getting the #covidvaccine because of antivaxers or conspiracy theories. Its because i wont be a guinea‚Ä¶ https://t.co/X9HdKwFBm9,anti-mitigation,anti-mitigation,anti-mitigation,anti-mitigation
"That‚Äôs my understanding of the differences in guidance. US is further along in the public vaccination process, so guidelines from CDC are going to seem ‚Äúriskier‚Äù or more liberal than from the WHO, because the general population has a lower overall risk because of immunizations.",unclear,pro-mitigation,unclear,pro-mitigation
"a vaccine seems to be ESSENTIAL if we are to start travelling again...,with ANY confidence...,because fear of the v‚Ä¶ https://t.co/AlGCydjOVq",pro-mitigation,pro-mitigation,unclear,pro-mitigation
How about following the CDC guidelines on community spread?  Why did these get thrown out last school year?  https://t.co/A6PdH1yZD5,unclear,unclear,anti-mitigation,unclear
so after a year of ‚Äúfollow CDC guidelines‚Äù now we are saying ‚Ä¶don‚Äôt follow CDC guidelines??? Now because you personally disagree with the CDC but have no factual evidence based on science to support going against them ‚Ä¶   https://t.co/GDbgARBzKj,unclear,unclear,pro-mitigation,pro-mitigation
Pfizer/BioNTech say #COVID_19 jab on track for approval by year-end https://t.co/BdNQLpDlAb via https://t.co/B0JOpQwlI2,unclear,unclear,unclear,pro-mitigation
"Putin ryt now..
#CoronavirusVaccine 
#RussianVaccine 
#CovidVaccine https://t.co/630MB3ZJqI",unclear,unclear,unclear,unclear
#BREAKING: Fully vaccinated teachers and students don't need to wear masks inside school buildings. Read the CDC's updated guidelines here:  https://t.co/aSCOzujtQ5,pro-mitigation,unclear,unclear,pro-mitigation
I don‚Äôt think the GOP lost in Texas and if a large majority of Texans opposed the bill I don‚Äôt think the GOP would have majority power there.,unclear,unclear,unclear,unclear
"At least 31,000 volunteers from more than 120 nationalities have taken part in #UAE's first Phase III trials of an‚Ä¶ https://t.co/IOt9lS7Kyo",unclear,pro-mitigation,unclear,unclear
"Russia wants to partner india in COVID-19 vaccine production

#Corona 
#CoronaVaccine 
#COVID19 
#Russia 
#SputnikV‚Ä¶ https://t.co/McCKIZrY2L",unclear,unclear,unclear,unclear
Russia announces they have a vaccine. #CovidVaccine #RussianVaccine #Vaccine #TrumpRussia #TrumpPutin #PutinsPuppet‚Ä¶ https://t.co/SEH3GaRoy7,unclear,unclear,unclear,unclear
The CDC‚Äôs guidelines We‚Äôre guidelines not laws but of course dumb politicians individual states ran with it well I‚Äôm not sitting by and doing nothing I‚Äôm fighting back and doctors need to do the same and there‚Äôs still time to get your voice heard,anti-mitigation,unclear,anti-mitigation,anti-mitigation
"Don‚Äôt say that you weren‚Äôt warned.
#ThursdayThoughts #qanon #QAnon2020 #TikTok #China #RuleBritannia #vaccine‚Ä¶ https://t.co/o8XUR8JKsB",unclear,unclear,unclear,unclear
"Till date, the nation has announced almost 24,000 instances of the infection, of which, upwards of 438 individuals‚Ä¶ https://t.co/XSXCnls30z",unclear,unclear,unclear,unclear
"""We need to rapidly scale up our clinical trials, manufacturing, licensing and regulation capacity"" 

#WHO‚Ä¶ https://t.co/bOp6hjGFBJ",unclear,pro-mitigation,pro-mitigation,unclear
"The reason being is the soon to be dropped, and even more horrible, expanded CDC guidelines, imho.",anti-mitigation,unclear,anti-mitigation,anti-mitigation
Cdc states you no longer need a mask if vaccinated. I get allot of people aren‚Äôt but if you are according to the data and scientists you no longer need to mask up. If it helps you feel safer then by all means continue but its no longer a requirement set forth by cdc guidelines,pro-mitigation,unclear,unclear,pro-mitigation
üò≥ wow my life on the pasion of the public and in accordinancd with cdc guidelines we have a title.,unclear,unclear,unclear,pro-mitigation
Planning to reopen your building or increase building usage following reduced operation? Be sure to follow CDC guidelines to ensure the water quality is safe. Visit  https://t.co/gXZIQQKSQd to learn more or contact us at dwmconnect https://t.co/7lKESVvAjM,pro-mitigation,unclear,unclear,pro-mitigation
"Rochelle Walensky is relaxing guidelines so she can act like William Wallace in Braveheart, yelling ""FREEDOM!!"" Now, more kids are getting sick, and the CDC barely says a word about the risk for those of us who are vaccinated but immunocompromised. The needs to clean house.",anti-mitigation,anti-mitigation,anti-mitigation,anti-mitigation
"As an RN, I have always been an advocate for VACCINES but for the first time in my life, I can boldly say that I wi‚Ä¶ https://t.co/DCCmzzQ6Ad",anti-mitigation,pro-mitigation,pro-mitigation,unclear
"This quarantine has been immensely frustrating in many ways, but by far the most frustrating is the lack of communication on when I am able to end self isolating. DC's government website has multiple contradictory guidelines. Those are seperate &amp; different than the CDC, or OAP.",anti-mitigation,anti-mitigation,unclear,anti-mitigation
"What country you prefer PH's vaccine should come from? Why? 
(asa ang inyuha PILIon na ug Ngano?)

#CovidVaccine‚Ä¶ https://t.co/NKnd9PMQeO",unclear,unclear,unclear,pro-mitigation
"Looks like we‚Äôre within weeks of reversing the guidelines and that almost every doctor and epidemiologists was saying that the CDC guidelines were prematurely issued in May, they were correct and they‚Äôll further damage their credibility.",anti-mitigation,unclear,anti-mitigation,anti-mitigation
I love them saying to ‚Äúgo beyond CDC‚Äù instead of what they are doing which is ‚Äúgoing against CDC‚Äù guidelines ü§£,anti-mitigation,unclear,pro-mitigation,pro-mitigation
I'm supposed to take you serious ?  Virtue Signal Checklist  woke avatar  ‚úÖ abused animal in mask counter to CDC guidelines ‚úÖ  https://t.co/Fv0wAh4Pme  https://t.co/5hAg8IPN09,unclear,unclear,unclear,anti-mitigation
State officials have said they will follow CDC guidelines as Washington prepares to reopen.  https://t.co/Rvz91AeJoB,unclear,unclear,unclear,pro-mitigation
"-Russia has annouced first #CovidVaccine 
-Putin daughter inoculated
-says rigorous safety data review needed‚Ä¶ https://t.co/NwnA9q44Ee",unclear,pro-mitigation,unclear,unclear
lol the cdc shouldve never stopped those guidelines but hey wat do i know lol,pro-mitigation,unclear,anti-mitigation,anti-mitigation
Fox Kerry spotted violating CDC guidelines at airport ‚Äî and it's not the first time he is almost as ugly as he is hypocritical,pro-mitigation,anti-mitigation,pro-mitigation,pro-mitigation
"Every graph I've seen from CDC, NIH, HHS, &amp; NIDA shows that they were tracking Fentanyl/Carfentanyl OD deaths long before the 2016 CDC Guidelines were put out. Frieden/PROP KNOWINGLY screwed us.",unclear,unclear,anti-mitigation,anti-mitigation
"Clinical research #ageism is real as exemplified by exclusion of older adults from all sorts of trials. 

In‚Ä¶ https://t.co/wGCLr7MnBg",unclear,unclear,unclear,unclear
I follow CDC and local guidelines and happily wear a mask when required.  Because I believe in science.,pro-mitigation,pro-mitigation,pro-mitigation,pro-mitigation
"With Limited COVID-19 Vaccine Doses, Who Would Get Them First? https://t.co/ngDpflpYoB via 
--
#Vaxnews‚Ä¶ https://t.co/6sQIOzCci8",unclear,unclear,unclear,unclear
"#Pune  First 100 vaccine volunteers enter key week. ""CoviShield"" is being Jointly Developed by Oxford University &amp;‚Ä¶ https://t.co/6Qli3DKSwV",unclear,unclear,unclear,pro-mitigation
"#COVIDVaccine 

Very large spread in vaccine effeciacy (flu is modest to measles being v. effective).  Depending on‚Ä¶ https://t.co/s2DA4v2y6C",unclear,pro-mitigation,unclear,pro-mitigation
"Then he can wear a mask the entire time he's in an indoor stadium, locker room, press room, etc. That's the CDC Guidelines, and the &amp; should ensure he adheres to those guidelines the entire time for the safety of those unfortunate enough to be around him.",pro-mitigation,pro-mitigation,pro-mitigation,pro-mitigation
"Amazing . They make a turn towards the factual truth , BUT they justify why people are confused is because CDC guidelines changed overtime . SMH ü§¶üèº‚Äç‚ôÇÔ∏è",unclear,unclear,anti-mitigation,pro-mitigation
The world's largest #vaccine maker warns it'll take until 2024 for everyone across the globe to get vaccinated for‚Ä¶ https://t.co/KcP744BbJi,unclear,unclear,unclear,anti-mitigation
"Some (?) in 'twitterland' have seen good effects of mask wearing eg. lack of flu season; those with immune/cancers etc. So, er usual - some people are governed by the CDC and adapt those guidelines (in a positive way) to their own personal circumstances. Agree.",pro-mitigation,pro-mitigation,pro-mitigation,pro-mitigation
"Draft landscape of list of Approved vaccines by WHO 

AstraZeneca, Moderna, Pfizer are on Phase 3 of trials 

India‚Ä¶ https://t.co/yt63917YW7",unclear,unclear,unclear,unclear
"What do you want your facemask to do?
#COVID19 #coronavirus #facemasks #CovidVaccine",unclear,unclear,unclear,anti-mitigation
"Developing a COVID-19 vaccine is hard. Getting people to use it will be, too. via #COVID-19 #Coronavirus‚Ä¶ https://t.co/oMFNIf0WNp",unclear,unclear,unclear,anti-mitigation
"A1: How did I miss this discussion?!?!
Doing my best to continue to advocate for #vaccines on SoMe - esp‚Ä¶ https://t.co/2E8dojUGs1",pro-mitigation,pro-mitigation,pro-mitigation,pro-mitigation
"CDC is a general strategy.  But states still do things differently.  Emergency Management is local, regional, state then Fed.  Or in this case Israel.  Decisions are made at the local level for containment regardless of CDC Guidelines.  They are just Guidelines.",unclear,unclear,anti-mitigation,unclear
reporter tries to put words in mouth ‚Ä¶ trying to make him sound like the arbiter of #CovidVaccine‚Ä¶ https://t.co/W3uNQlTUxB,unclear,unclear,pro-mitigation,unclear
"#CovidVaccine 

When will a vaccine be ready for Covid 19 https://t.co/QGzEsrnFLX",unclear,pro-mitigation,unclear,pro-mitigation
Please help the chronic pain patient community as well. The false narrative of opiate epidemic is literally killing us! Illicit drugs and pressed pills causing it not prescribed meds. Pa needs to remove CPP from CDC guidelines. Opiates work well/taken correctly/stored correctly!,unclear,unclear,anti-mitigation,anti-mitigation
"Wait, if Russia is claiming the first #CovidVaccine With just a phase 2 testing doesn‚Äôt that mean Oxford and Modern‚Ä¶ https://t.co/4dNW1gbXw2",unclear,unclear,unclear,unclear
"Lol, its funny how Trump is using the Covid Vaccine as his momentum to win the re-election. I honestly just hope th‚Ä¶ https://t.co/GEaY3RWJTT",unclear,unclear,anti-mitigation,unclear
"CDC guidelines, rules, laws do not apply to Democrats, just like Pelosi, and the rest.",unclear,unclear,anti-mitigation,anti-mitigation
"$jnj #covidvaccine as situation drags on, think we can safely say participant got vaccine, not the placebo.",unclear,pro-mitigation,pro-mitigation,pro-mitigation
DMRegister: A federal appeals court panel sided with the CDC in its legal battle with Florida over COVID-19 guidelines for cruise lines.   https://t.co/dSqA4iWEy9,unclear,unclear,unclear,unclear
"Corona Update in India!
Total Confirmed:2.72M
Active Cases:0.67M
Total Recovered: 2M
Total Deaths:52163
Updated at:‚Ä¶ https://t.co/riPtQ9f3Sf",unclear,unclear,unclear,unclear
What's your beef with him anyway. He's not the head of the CDC and that's the agency that sets the guidelines. There are other docs out there too. The say a lot worse is ahead.,anti-mitigation,unclear,unclear,anti-mitigation
"#CovidVaccine: The tragedy of vaccine nationalism - only cooperation can end the pandemic | Foreign Affairs
https://t.co/61Fp3c6qHS",unclear,pro-mitigation,pro-mitigation,pro-mitigation
The CDC changed its testing guidelines long before the baseball post-season - i.e. the CDC advises against testing vaccinated persons. And yet the NCAA is still using 2020 protocols. Why? 1/,unclear,anti-mitigation,pro-mitigation,pro-mitigation
Missouri Gov. Mike Parson calls the CDC‚Äôs decision ‚Äútotally ridiculous‚Äù but an agency official says guidelines limit size of incentives.  https://t.co/N7wpxEMEAn,unclear,anti-mitigation,unclear,anti-mitigation
"Healthcare workers likely to be first in line for coronavirus vaccination. https://t.co/ck3kDWfsPf

#COVID #COVID19‚Ä¶ https://t.co/dxbq39Z1hA",unclear,unclear,unclear,pro-mitigation
"Throughout the pandemic, Nemacolin has exceeded CDC and commonwealth guidelines and mandates for the hospitality industry. At this time, anyone at Nemacolin is welcome to wear a mask if they desire, and you'll still see many of our spa associates doing so.",unclear,pro-mitigation,pro-mitigation,pro-mitigation
What is it like to be a developer in these rapidly evolving modern time? Come by the first in-person #dotnet #stl #meetup tonight in quite awhile! (observing CDC and state guidelines for public gatherings)  https://t.co/2AumuK2uzn,unclear,unclear,unclear,unclear
"With growing uncertainty over work, wages, and wellbeing in the wake of the global pandemic Novel Coronavirus COVID‚Ä¶ https://t.co/0R49YueOnD",unclear,unclear,unclear,unclear
"This article from the nbaa, not the CDC, is from February 7th... guidelines have been updated quite a bit since then regarding vaccinated travelers... but good try with your misleading post there...",pro-mitigation,unclear,pro-mitigation,unclear
"COVID-19 warriors will first ones to get vaccine dose, announces MoS Health #covid19 #coronavirus #covidvaccine‚Ä¶ https://t.co/Uv5fhPI72b",unclear,pro-mitigation,unclear,pro-mitigation
#Nurses are going to have to get a lot more vocal about #VaccineSafety this season ‚Äî it‚Äôs estimated that 1/3 of Ame‚Ä¶ https://t.co/WTnYvcNc1b,unclear,unclear,unclear,unclear
 you also need burnol #BurnolForAirasia or Covid vaccine #CovidVaccine #COVID,unclear,pro-mitigation,unclear,pro-mitigation
"#covidvaccine phase 1 
üëáüëáüëá coming soon. Big  brother is healthy alive and well. üßêüëÄüëÄüëÄ

https://t.co/wgvvTeRTab",unclear,pro-mitigation,unclear,unclear
"Namely, when the CDC released their updated guidelines for summer camps for 2021, the CDC had said that masks were not necessary outside¬†...   https://t.co/4gGsTipYkm",unclear,anti-mitigation,unclear,pro-mitigation
"the #CDC guidelines, their misapplication have given rise to a very harmful practices in the field. For a child that had #pancreatitis or #sicklecell the belief that in midst of flare essential oils or breathing is the answer vs #opioid medications bc of the concern of 3/",anti-mitigation,unclear,anti-mitigation,anti-mitigation
"Vaccinated teachers and students don't need to wear masks inside school buildings, the CDC said Friday in relaxing its COVID-19 guidelines.  https://t.co/QgZEh9Q6kA",pro-mitigation,unclear,unclear,pro-mitigation
"Join us for our eighth annual Pratham Raleigh-RTP 5K Run/Walk on Sunday, Sept, 12, 2021:  https://t.co/4mDnt36yJA  #PrathamRaleigh  All in-person events will follow lawfully required COVID-19 health and safety protocols and adhere to CDC guidelines.  https://t.co/xfrtnvmwKP",unclear,unclear,unclear,pro-mitigation
"Report from an employee at Bickford of Oswego in OSWEGO, IL on Mar 02, 2021: ""The employer has not implemented the CDC guidelines to address the COVID-19 pandemic. The Employer failed to provide...  https://t.co/FWdNx25wIu",unclear,pro-mitigation,unclear,anti-mitigation
"If vaccine is free for bihar then other states people has to pay for vaccine  #BiharElections2020
#vacine #CovidVaccine",unclear,unclear,unclear,unclear
"So finally, Russia has officially announced about the 1st Covid Vaccine! 
Make sure next time me syllabus jitne bhi‚Ä¶ https://t.co/0yFX0n44fL",unclear,unclear,unclear,unclear
Dog Trapped Between Concrete Walls 5 Days Hiking Dog Rescues on the Rise Service Dog Stuck in Honduras Due to CDC Guidelines TODAY'S VIDEO - Dog Rescued After Lost at Sea Daily K9 - News + Videos -   https://t.co/iKVSc2Ndrb,unclear,unclear,unclear,anti-mitigation
Biden admin to move $860M in COVID funds to house illegal immigrant children.  CDC guidelines require the agency to quarantine children upon receiving them.    https://t.co/gD5BMMjYUm,unclear,unclear,unclear,unclear
"""#AskWHO: COVID-19 Q&amp;A""  https://t.co/RuAAbf7owg
#CovidVaccine",unclear,unclear,unclear,unclear
"With the different provincial approaches to fully vaccinated people, it is time for the federal government to establish national guidelines for consistency across the country much like the CDC did in the US a number of months ago.  Time to step up . Do your job.",pro-mitigation,unclear,pro-mitigation,pro-mitigation
We must demand all of these super spreaders get put on the no fly list for breaking CDC and TSA guidelines. Any average person would be.,pro-mitigation,unclear,unclear,pro-mitigation
More People Of Color Needed In COVID-19 Vaccine Trials https://t.co/0yHTVbxS6U via #vaxnews #vaccines‚Ä¶ https://t.co/7pyIs7SIuy,unclear,pro-mitigation,unclear,unclear
- TRUMP WAS RIGHT  #WuhanLabLeak  #FauciCoverUp #Fauci  - #ZuckerbergCoverUp #DorseyCoverUp  #CDCGuidelines  #cdc  #NPR  #cnn  -,anti-mitigation,unclear,unclear,unclear
"Hva√∞ er r√©tt √≠ √æessu? √ûa√∞ sem √©g s√© rangt √≠  √æessu er ""oftast"" ef √©g ber saman vi√∞ cdc guidelines  https://t.co/RlWyUxsHly",unclear,unclear,anti-mitigation,unclear
Turned off? I was absolutely offended by Trump. That didn‚Äôt influence my decision to comply with CDC guidelines when he was in office.  I don‚Äôt need a politician to inform my personal health.  I have seen no evidence of anyone not getting a vaccine because Kamala scared them.,pro-mitigation,pro-mitigation,pro-mitigation,pro-mitigation
Nurses union calls on CDC to reinstate universal mask guidelines   https://t.co/eYhp5I5KuQ,unclear,pro-mitigation,unclear,anti-mitigation
I currently follow CDC guidelines not public opinion.,pro-mitigation,unclear,pro-mitigation,pro-mitigation
"IDPH adopting updated CDC guidelines: Schools to be fully open, unvaccinated students should wear masks  https://t.co/McqWeFbSlm",unclear,pro-mitigation,unclear,pro-mitigation
"#China inactivated vaccine (#Sinopharm) seems a safe candidate that generates immune response. Here latest article,‚Ä¶ https://t.co/InfMTgBrRK",unclear,unclear,unclear,unclear
"Russian COVID-19 vaccine not in advanced test stages: WHO 

#Covid_19 #CovidVaccine #RussianVaccine #Russia 
https://t.co/II8rUTpJmL",unclear,unclear,unclear,anti-mitigation
STUDIES SHOW MORPHINE MILLIGRAM EQUIVALENT (MME) USED IN CDC 2016 OPIOID GUIDELINES ARE BOTH BOGUS AND UNSCIENTIFIC: THEY MUST BE REPUDIATED AND WITHDRAWN  1.  https://t.co/EmEj17ze19,unclear,unclear,unclear,unclear
"Serum Institute (Denies Rumours Of Availability Of #CovidVaccine #COVISHIELD In 73 Days

Read here‚Ä¶ https://t.co/Y6kD1XGICZ",unclear,unclear,unclear,unclear
You should attend some school board meetings here in Pennsyltucky. Parents are screaming and pulling their kids out because the boards are saying they will follow CDC guidelines about masks and they are literally losing their flipping minds.,anti-mitigation,unclear,,"anti-mitigation,anti-mitigation"
I‚Äôve worked in pharma for over 30 years and I don‚Äôt think anyone is going to be eager to inoculate themselves or th‚Ä¶ https://t.co/lPEU5LonBw,anti-mitigation,unclear,anti-mitigation,unclear
"Ask not why was approved but, how much it adds up. The current #corporatocracy government is the reason.‚Ä¶ https://t.co/QSe0MI0YsZ",unclear,unclear,unclear,anti-mitigation
Stupid people should not be able to tweet. The CDC guidelines say even if fully vaxed to still wear a mask.  https://t.co/agsOJ6Ttmr,unclear,pro-mitigation,pro-mitigation,pro-mitigation
68 volunteers from three Pune based hospitals get COVISHIELD vaccine dose in the second phase of human trials‚Ä¶ https://t.co/8zKshWboVQ,unclear,pro-mitigation,unclear,pro-mitigation
"working with as analytics partner, is publishing a white paper on delivering stable logi‚Ä¶ https://t.co/OjBapREb3S",unclear,unclear,unclear,unclear
"Let‚Äôs all work together to #SlowTheSpread shop my handmade #facemasks before they‚Äôre gone 
MadMaskr‚Ä¶ https://t.co/kgR6dL5EMy",unclear,unclear,pro-mitigation,pro-mitigation
"COVID-19 Vaccines Won't End Pandemic, Unless Delivered Equitably: Bill Gates

#Covid_19 #BillGates #pandemic‚Ä¶ https://t.co/sh6jpclXDB",anti-mitigation,pro-mitigation,anti-mitigation,pro-mitigation
"Reopening schools within the first 100 days was one of his major policy goals. He pushed the CDC to go against the science and relax their guidelines on schools to allow him to do it, *and* he completely misrepresent their findings, lying and saying it was safe.",pro-mitigation,anti-mitigation,pro-mitigation,pro-mitigation
"Another death on your watch, Kristi. All because you refused to protect your constituents &amp; went full trump. I hope all these governors who refused to enact CDC guidelines are sued into oblivion. #NegligentHomicide  #RecklessEndangerment  #Cult45 #COVIDIOTS #Cult45",pro-mitigation,pro-mitigation,pro-mitigation,pro-mitigation
"Maybe - but many of the unvaccinated are also anti-masks. Also, too many governors in states like mine failed to mandate masking policies &amp; or follow CDC guidelines in the 1st place. Once masks were politicized &amp; weaponized, all bets were off. I have continued to mask up indoors.",unclear,pro-mitigation,pro-mitigation,pro-mitigation
The newly released CDC guidelines also make explicit mention to this - maybe that would help?  https://t.co/OaT0unTHOx,unclear,unclear,pro-mitigation,pro-mitigation
" https://t.co/EDfLIopQrq I told all my friends not to get excited! This Covid war isn't over! I don't know about you, but I don't trust the CDC and their so called guidelines. I'll keep wearing my masks when I go public places.",anti-mitigation,pro-mitigation,pro-mitigation,anti-mitigation
Brazil's state-run Oswaldo Cruz Foundation (will commence production in December of an initial 100 millio‚Ä¶ https://t.co/NHMuExZCOx,unclear,unclear,unclear,pro-mitigation
In my family we wait for PlayStation to work out all the kinks before we buy the new system. But apparently I‚Äôm sup‚Ä¶ https://t.co/zy4n8m4umW,unclear,unclear,unclear,unclear
"Phase-3 trials of Covid vaccine deferred for a fortnight in Lucknow hospital
#CovidVaccine 
#Covaxin
#Phase3Trials‚Ä¶ https://t.co/f2CrevW9oB",unclear,unclear,unclear,unclear
Don't need 2 go far 4 reasons 2 distrust gov about health care/particularly COVID vaccines. Many‚Ä¶ https://t.co/isecrklNCp,anti-mitigation,anti-mitigation,anti-mitigation,anti-mitigation
"On my flight the attendant said, ""this is dumb but we have to enforce it otherwise some1 might say we didn't"". Then announced the CDC updated their guidelines but the airline was following the govt orders/manadate. The airports don't care as much. Scores of people w/o masks.",unclear,pro-mitigation,unclear,anti-mitigation
CDC finally published #longcovid guidelines. This is a big deal.  https://t.co/Lw0tk8z8Wz,unclear,unclear,unclear,pro-mitigation
Australian Covid-19 vaccine yields positive pre-clinical results #CoronavirusVaccine #Covid_19‚Ä¶ https://t.co/kMjkvhDNEL,pro-mitigation,unclear,unclear,unclear
"When TX dropped its mandate, most people stayed masked. When the CDC changed its guidelines, the TX population went maskless practically overnight. It's been something to see!",unclear,unclear,unclear,unclear
There are already states that have banned mask mandates in schools. CDC guidelines are not mandatory; state directives override them.,unclear,unclear,unclear,anti-mitigation
CDC  If the DEA was already decreasing the opioid quote since 2011 and prescribing them also declined...  why did you publish the 2016 guidelines for opioid prescribing?   https://t.co/czmu5R7VG7,unclear,unclear,unclear,unclear
"I feel like Governor Andrew Cuomo didn‚Äôt follow the CDC, CMS, and HHS guidelines on people with disabilities of last year. ",unclear,unclear,pro-mitigation,unclear
How do Covid vaccine trials work? QW+ database member explains in this video. Also - there's some‚Ä¶ https://t.co/telVWQp878,unclear,unclear,unclear,unclear
"Story about a #CovidVaccine 
#Covid19 
#Vaccines https://t.co/0DlQmqWcIP",unclear,unclear,unclear,unclear
"A stark reality check for all the ‚Äúsheep‚Äù who believe a vaccine is the best solution for covid! 

Do you really wan‚Ä¶ https://t.co/HCYLmmSK4b",unclear,anti-mitigation,anti-mitigation,anti-mitigation
I agree to a point.  But the CDC says you don‚Äôt need to if you are vaccinated.  I guess my argument is if I was supposed to believe them and follow their guidelines a year ago why shouldn‚Äôt I now?,pro-mitigation,unclear,anti-mitigation,pro-mitigation
"The first vaccine is here.

#CovidVaccine #coronavaccine
#RussianVaccine #CoronavirusVaccine
#SaveTheWorld‚Ä¶ https://t.co/08Vx19BEiA",unclear,unclear,unclear,unclear
"India on Thursday recorded its biggest one-day COVID-19 case rise yet, with nearly 96,000 fresh cases in the last 2‚Ä¶ https://t.co/grpxiTNWBB",unclear,unclear,unclear,unclear
"The CDC tripped over its own d*ck re masking guidelines. Since vaz resisters are almost guaranteed to lie about it, the guidance amounted to blanket permission for everyone to un-mask. You can't un-screw that pooch.",anti-mitigation,unclear,anti-mitigation,anti-mitigation
#CovidVaccine trials have been fast-tracked &amp; Phase 3 trials are being exempted by many countri‚Ä¶ https://t.co/f9054R16Yj,unclear,unclear,unclear,unclear
"The CDC released new guidelines Friday stating students, teachers and staff who are fully-vaccinated do not have to wear masks when going back to school in the fall.   https://t.co/1ejWIa9XvA",unclear,anti-mitigation,unclear,pro-mitigation
#JammuKashmir's health &amp; medical education department began influenza vaccination for healthcare professionals deal‚Ä¶ https://t.co/C8GHHZzCIo,unclear,pro-mitigation,unclear,unclear
"We all want to get back to the things we love to do. Help us get there by following CDC guidelines, wearing a mask and getting a #COVID19 vaccine.  https://t.co/aLcGqZfqYl #getvaccinated   #ourcallingisyou  https://t.co/C9V01u3NK6",pro-mitigation,pro-mitigation,pro-mitigation,pro-mitigation
"Finally ... first vaccine is officially out and congratulations, scientists, doctors and volunteers.. great to see‚Ä¶ https://t.co/AR7tQyYwiQ",pro-mitigation,pro-mitigation,pro-mitigation,pro-mitigation
CDC Infection Control Guidelines Catch Up With Need to Address Aerosols   https://t.co/BOXpRcJjIc,unclear,unclear,unclear,pro-mitigation
"In accordance with the CDC‚Äôs most recent guidelines, guests that are not fully vaccinated are strongly encouraged to wear masks or face coverings while attending BSWA events. Any guest who needs a mask during an event may obtain one at no cost from the Arena.",unclear,pro-mitigation,unclear,pro-mitigation
If vaccines are 100% safe then why do governments take on the liability for pharmaceutical companies so that they c‚Ä¶ https://t.co/bDFvAis3Jt,,anti-mitigation,anti-mitigation,anti-mitigation
"On Thursday of last week, the Fed made the biggest change to monetary policy in 40 years. At his press conference,‚Ä¶ https://t.co/3uXHwKbnSY",unclear,unclear,unclear,unclear
Who would have thought that undermining the CDC would destroy public trust in a vaccine being rushed to market by a‚Ä¶ https://t.co/XUKU3xGYWb,anti-mitigation,unclear,anti-mitigation,anti-mitigation
"Did give any indian 15 lakh rs as promised ????
So people of #bihar think thrice before u vote for‚Ä¶ https://t.co/KS9d0Toh4X",unclear,unclear,unclear,unclear
#ADA Law protects the Right of Disabled to receive Opiod Pain Medication. Why are we fighting #CDC Guidelines &amp; #PROP so hard when Law is on our side? #CDC &amp; #PROP = Guidelines #ADA is LAW!? What am I missing? ,anti-mitigation,anti-mitigation,pro-mitigation,pro-mitigation
That was my mis-statement. I was shorthanding that they claimed to be following all CDC guidelines when the photos of the private plane were posted.   My bad for being unclear. My apologies.,unclear,unclear,unclear,unclear
$abus funny how Acuitas Tx suddenly goes as far to claim that access to mRNA LNPs only from them. I guess they are‚Ä¶ https://t.co/1EKYknbE5d,unclear,unclear,unclear,unclear
"While I agree, they‚Äôre following a lot of CDC/state guidelines still. They can still have their wishes for the most part. I kinda view it this way too - if a child visited a large gathering or air traveled and got Covid, that would be even worse.",unclear,unclear,pro-mitigation,anti-mitigation
"I haven't been locked in my home, because some of us have to work. I'll base things on the increase of case numbers in the following weeks, after everything opens up without masks. If we were to follow CDC guidelines, this wouldn't be happening right now. Thanks for your input.",pro-mitigation,unclear,pro-mitigation,anti-mitigation
"6 people near me on Flight 239 (29A, 29D, 29E, 29F, 28C) didn‚Äôt wear masks or didn‚Äôt wear them properly. Flight attendants did nothing when I asked. Why is Frontier violating FAA, DOT, and CDC guidelines?",pro-mitigation,pro-mitigation,pro-mitigation,pro-mitigation
UM  has been a great and devoted mother and has raised all her girls well. She was following CDC guidelines. It‚Äôs extremely disgusting to judge someone‚Äôs parenting.,unclear,unclear,unclear,pro-mitigation
"President Vladimir Putin claims Russia developed world‚Äôs first COVID vaccine
#VladimirPutin #Russia #CovidVaccine‚Ä¶ https://t.co/y8gNqBTprX",unclear,pro-mitigation,unclear,unclear
They never tested positive Chris did and is vaccinated. That‚Äôs the biggest problem. CDC already said they don‚Äôt care for positives out of vaccinated people. Why is the NBA not adjusting their rules to follow new guidelines.,,unclear,anti-mitigation,pro-mitigation
My guess is that these people are following US CDC guidelines rather than our own.,unclear,unclear,unclear,pro-mitigation
"The CDC's new guidelines state that even if you are fully vaccinated and wearing a mask, you should still Google LASD gangs.",unclear,unclear,unclear,unclear
"As more older adults are currently receiving the COVID-19 vaccine, the U.S. Centers for Disease Control and Prevention (CDC) has released new guidelines for fully vaccinated individuals. #visitingangels #homecareassistance #covid19vaccine  https://t.co/VsPrm1NbLX",unclear,unclear,unclear,pro-mitigation
"Whether you like Villanueva or not, making the argument he is going against the science doesn‚Äôt make sense. His comments are in full compliance of CDC Guidelines. The CDC‚Äôs current guidelines for vaccinated individuals is to resume activities as you did before the virus.",unclear,unclear,pro-mitigation,pro-mitigation
If you all think that unvaccinated people listened to CDC guidelines on masks that‚Äôs hilarious. There is no direct causal link and to say so is irresponsible. Let‚Äôs place blame on right wing media disinformation and holding people personally accountable for their actions.,unclear,unclear,pro-mitigation,pro-mitigation
#CovidVaccine can anyone tell me why a Covid vaccine will work when scientists say that some people loose there imm‚Ä¶ https://t.co/dLZoUjzPLm,unclear,unclear,anti-mitigation,anti-mitigation
"Like should be.... #solidarity among countries!
This is the way to face the #COVID_19......only through SOLIDARITY‚Ä¶ https://t.co/o4WqTxau4P",unclear,unclear,unclear,pro-mitigation
The CDC director under Obama criticized the Trump administration for not following CDC guidelines to transition to elastomeric respirators at the start of the pandemic but he refuses to publicly talk about that problem with Biden in office so journalists aren‚Äôt reporting on this.,unclear,unclear,unclear,unclear
"""#Putin"" scores over #Trump, #Johnson, #Merkel, #Castex, #Jinping, #Netanyahu, #Conte, #Abe. Need to wait for effec‚Ä¶ https://t.co/W73AdPs36q",unclear,unclear,unclear,unclear
I wouldn‚Äôt take a vaccine from any of them until AT LEAST next year! #CovidVaccine,anti-mitigation,anti-mitigation,anti-mitigation,anti-mitigation
"Wondering when a #COVIDVaccine will be available? üíâüíäHere's where the research stands, &amp; what the future might hold‚Ä¶ https://t.co/aSKooeP2Ny",unclear,unclear,unclear,pro-mitigation
Please read and retweet this medical advice which gets more and more relevant each day as trump keeps lying to‚Ä¶ https://t.co/G3Otcko5WR,,unclear,unclear,pro-mitigation
"HCW seem to be perfect human trial subjects for vaccines.
By knowing a certain cohort will regularly aquire disease‚Ä¶ https://t.co/eQ3rk0vOTf",unclear,unclear,unclear,anti-mitigation
"CDC Relaxes COVID Guidelines; Vaxxed Teachers, Staff And Students No Longer Need To Wear Masks Inside School Buildings   https://t.co/Phg8EFPaND",unclear,anti-mitigation,unclear,pro-mitigation
"NEW COVID SCHOOL GUIDELINES: CDC says vaccinated teachers, students don't need to wear masks in schools   https://t.co/npcaqqEfup",unclear,unclear,unclear,pro-mitigation
We will adhere to then-current CDC guidelines; vaccinated people are free to unmask but not vaccinated people will be required to.,pro-mitigation,pro-mitigation,pro-mitigation,anti-mitigation
"According to Dallas Co., Texas is at high risk. These are the COVID guidelines set by the CDC:  https://t.co/bjCy4CXYgG #COVIDActNow",unclear,unclear,unclear,pro-mitigation
Is this true? #CovidVaccine  ? https://t.co/ff3UW6dwpJ,unclear,unclear,unclear,unclear
Yes.  I followed the CDC guidelines and still got it.  I'm still baffled as to where/how I could've picked it up.,unclear,unclear,unclear,pro-mitigation
"My job was testing for COVID 40 hours a week, I did it from Jan - the first week of June. As more ppl got vaxed &amp; CDC guidelines changed, I noticed that from end of April through end of my contract in June, the ONLY ppl testing pos+ were symptomatic fully vaxed ppl.  Wear a mask!",unclear,pro-mitigation,pro-mitigation,anti-mitigation
"The war on drugs started in 1970 by president Nixon was a lie, now 50 years have passed with billions of dollars spent to no avail. Illegal drugs are the enemy , not our doctor's .Suspend CDC guidelines !",anti-mitigation,pro-mitigation,anti-mitigation,anti-mitigation
#SputnikV let‚Äôs hope this works Russia. #CoronavirusVaccine #CovidVaccine,unclear,pro-mitigation,unclear,unclear
Whaat! Is that true? Will our bodies be controlled by external forces through this #CovidVaccine? I heard abt this‚Ä¶ https://t.co/ZJ1Vk2mtdD,unclear,unclear,anti-mitigation,anti-mitigation
International Flights Will Resume Only After Vaccination Is Confirmed; How Much More Delay? https://t.co/bJaEZReX0O,unclear,anti-mitigation,unclear,anti-mitigation
He knows the secret of covid vaccine.. very genius?? #CovidVaccine https://t.co/wyb3pCkDHq,unclear,unclear,unclear,pro-mitigation
Why don‚Äôt you tell big brother newsom to follow the science and to follow the cdc guidelines on mask wearing in schools.,unclear,pro-mitigation,pro-mitigation,pro-mitigation
#makethisgoviral  https://t.co/9r3dfSQ7EJ #donations accepted cash app: $docnorm STUDIES SHOW MORPHINE MILLIGRAM EQUIVALENT (MME) USED IN CDC 2016 OPIOID GUIDELINES ARE BOTH BOGUS AND UNSCIENTIFIC:   1.  https://t.co/EmEj17ze19,unclear,unclear,unclear,unclear
"BREAKING: CDC issues new #covid19 guidelines for schools.  What I like: 1) Emphasis on getting all kids back, in-person, 100% 2) Masks are needed indoors for unvaccinated children 2+ 3) Except in very low transmission areas, weekly testing for unvaccinated students + staff",unclear,pro-mitigation,pro-mitigation,pro-mitigation
"I am so sick of being thrown attitude by mask freaks , they screamed 18 months to follow science but now they don't trust the CDC when the Guidelines are Fully vaccinated people can resume activities without wearing a mask or physically distancing",pro-mitigation,anti-mitigation,unclear,pro-mitigation
"Filing Under History's Cringiest Quotes  ""The WHO is responsible for the planet as a whole. It's different in the world in general from here in the United States.""  - Dr. Anthony Fauci explains the difference between the CDC and WHO's recent mask-wearing guidelines.",unclear,unclear,unclear,unclear
The push to fully reopen schools coincides with the CDC‚Äôs issuance of new guidelines for K-12 school reopenings that further relax already inadequate safety measures intended to mitigate the spread of COVID-19 on school campuses.  https://t.co/QYs26sud2w,anti-mitigation,pro-mitigation,unclear,pro-mitigation
Wow! The CDC...a guidelines consortium speaks... CDC Investigating Cases of Neurological Disorder Linked to Johnson &amp;#038; Johnson COVID-19 Vaccine  https://t.co/o8HK4hrdGu via ,unclear,unclear,unclear,unclear
"I spy with my little eye an excuse that will be used not to get the #CovidVaccine ... 

""It actually fits quite nic‚Ä¶ https://t.co/ACtf4wWNXl",unclear,anti-mitigation,anti-mitigation,anti-mitigation
I don't believe you have Addiction issues. I believe you are like the rest of us who have been cut off or doses significantly reduced b/c of CDC Opioid prescribing guidelines.,unclear,unclear,unclear,pro-mitigation
How fantastic to see our 'Charlie and the C Monsters' resources featured on the website and availab‚Ä¶ https://t.co/CSxAWxrGLD,unclear,unclear,unclear,unclear
"#PuneHospital to begin Phase III of human trial of #COVIDvaccine https://t.co/kUANFH2jwZ 
#covid19 #COVID19vaccine‚Ä¶ https://t.co/V92Fd9iDhR",unclear,unclear,unclear,unclear
"‡∞µ‡±à‡∞∞‡∞∏‡±ç‚Äå‡∞ï‡∞ø ‡∞µ‡±ç‡∞Ø‡∞æ‡∞ï‡±ç‡∞∏‡∞ø‡∞®‡±ç‚Äå ‡∞µ‡∞¶‡±ç‡∞¶‡∞Ç‡∞ü‡±Å‡∞®‡±ç‡∞® ‡∞ú‡∞®‡∞Ç?
People Not Inviting Vaccine For Virus | #SomethingSpecial ||#ABNTelugu 

Watch‚Ä¶ https://t.co/cGaaJGPh3r",unclear,unclear,anti-mitigation,unclear
"#NWO #Pope Francis Sides With Bill #Gates 

And Says #COVIDVaccine 

Must Be 'Universal And For All People' 

Despi‚Ä¶ https://t.co/16s0lZ3Idu",unclear,anti-mitigation,unclear,pro-mitigation
CDC‚Äôs COVID-19 Science Update  https://t.co/tsyfgXLUKA via      #DeltaPlusVariant #COVID19  #StaySafe #CDCGuidelines,unclear,unclear,unclear,pro-mitigation
"$vxrt

I expect to be trading in the 20 range this week! Watch!

#OperationWarpSpeed #vaccinefunding #oralvaccine‚Ä¶ https://t.co/3LYoc6ToEO",unclear,unclear,unclear,unclear
"1/2 of #Canadians, #UK, #Americans to get #cancer?
 
Explains why‚Ä¶ https://t.co/vIZyavTval",unclear,unclear,anti-mitigation,unclear
"Serious question, what meltdown? Again, you're not listening. It was on ETHAN's opinion that you should trust the CDC without question. Not the guidelines predominantly. That's why hehas been playing the soundclip of Ethan. He cant get the reasoning behind that soundclip from Sdr",unclear,unclear,unclear,anti-mitigation
"CDC made similar recs years ago!   It‚Äôs like they don‚Äôt trust women to plan their pregnancies, but somehow are expecting them to follow their guidelines",anti-mitigation,unclear,unclear,anti-mitigation
"NO ONE WANTS YOUR VACCINE #PFIZER 
TAKE YOUR VACCINE AND SHOVE IT UP YOUR A‚Ä¶ https://t.co/lrsb8k5bSn",unclear,anti-mitigation,anti-mitigation,anti-mitigation
"The Government should pay for it. But, I‚Äôm sure they‚Äôll find a way to profit from it. #vaccines #CovidVaccine https://t.co/mbpNQLh9tW",unclear,unclear,unclear,unclear
"So going by what #NirmalaSitharaman said, in India, you can only have free #CovidVaccine if you vote BJP and Modi G‚Ä¶ https://t.co/jNcQzCkMwX",unclear,unclear,unclear,unclear
Our #CovidVaccine and treatment potential is in great hands. I‚Äôm proud to work with and support these excellent peo‚Ä¶ https://t.co/CKS7yKTvoR,pro-mitigation,pro-mitigation,pro-mitigation,pro-mitigation
"They should first test the #CovidVaccine on gov't officials. If they are safe, the vaccine is good, but if they die, the country is safe.",anti-mitigation,unclear,anti-mitigation,anti-mitigation
"Report from an employee at US Postal Service in LA CROSSE, WI on Oct 19, 2020: ""In building (mail carriers) CDC guidelines adressing COVID19 are not being followed. 1) Employees are not informed...  https://t.co/t2LOPkLb89",unclear,unclear,unclear,unclear
"Do the political staffers and politicians see this?   Canadians deserve transparency. When Americans were getting vaxxed, CDC quickly released new guidelines. Life is going back to normal. When will do the same?   #cdnpoli",pro-mitigation,unclear,pro-mitigation,pro-mitigation
And what are the CDC guidelines regarding vaccinated individuals needing to quarantine after potentially in contact with someone who is covid positive?,unclear,unclear,unclear,pro-mitigation
"India should reach adequacy by the end of 2021. 

Without disturbing current immunisation infrastructure, which can‚Ä¶ https://t.co/Dz2bPbOpbZ",unclear,unclear,unclear,unclear
"Hi, We are doing our best to remain open to serve our clients while implementing changes within our financial centers to follow CDC  and government guidelines. As such, some locations may be either temporarily closed or operating at adjusted hours. ^Annette",pro-mitigation,anti-mitigation,unclear,pro-mitigation
Dr. Fauci speaks on CDC‚Äôs new guidelines for fully vaccinated students  https://t.co/4pFpslDYZU via ,unclear,unclear,unclear,pro-mitigation
A 25-year-old man from Nevada is the first known American to catch #COVID-19 twice. The patient has since recovered‚Ä¶ https://t.co/vwiFi3dggB,unclear,unclear,unclear,unclear
Brace yourself. This is going to be the norm for while. The development of a safe and effective vacc‚Ä¶ https://t.co/NFjXMshfUT,unclear,pro-mitigation,unclear,unclear
BREAKING: PGIMER in Chandigarh will be beginning the Phase II trial of oxford Covid-19 vaccine candidate -- Covishi‚Ä¶ https://t.co/9dy2UyOdqM,unclear,unclear,unclear,unclear
Russia have introduced the first #CovidVaccine &amp; I guess what an amazing news üòç I hope it works amazing as well ü§ûüèª‚Ä¶ https://t.co/zWXNBZbL4z,unclear,pro-mitigation,pro-mitigation,pro-mitigation
"To people getting the #FluShot and later #CovidVaccine: 

Thank you!

- From the people not able to be vaccinated b‚Ä¶ https://t.co/UPMgiDaH40",pro-mitigation,unclear,unclear,pro-mitigation
Hopefully they will release information on the adverse event #clinicaltrial #CovidVaccine https://t.co/z2lXMJH6Ut,unclear,unclear,unclear,unclear
"Do we have an operation #warpspeed ? 

https://t.co/Su4efqdbzb",unclear,unclear,unclear,unclear
"""Fully vaccinated people can resume activities without wearing a mask or physically distancing, except where required by federal, state, local, tribal, or territorial laws, rules, and regulations, including local business and workplace guidance."" Latest guidelines - CDC website",unclear,anti-mitigation,unclear,pro-mitigation
"The Indian Express: Russia Covid-19 vaccine: World leaders, health officials have mixed response.‚Ä¶ https://t.co/EuuI4zjPpe",unclear,unclear,unclear,unclear
"This is why CDC guidelines are that testing asymptomatic, vaccinated people is unnecessary. It is unlikely that they are able to spread, despite being infected. The vaccines do their job.",pro-mitigation,unclear,pro-mitigation,pro-mitigation
#NagpurAlert : 73 persons tested +ve from #Nagpur today till 11.30 pm; Total cases 10361; #COVID19‚Ä¶ https://t.co/YmVSpoPTTN,unclear,unclear,unclear,unclear
"It is great to see that our country is getting ready for #CovidVaccine and also for world.
#AatmaNirbharBharat‚Ä¶ https://t.co/XNErRSSaYt",unclear,pro-mitigation,pro-mitigation,pro-mitigation
"Divyansh Singh, August 14, 2020, Bangalore

Rahul Gandhi Condemns Government Over COVID-19 Vaccine. Read Full Story‚Ä¶ https://t.co/ai5AHzYfdT",unclear,unclear,unclear,unclear
"Take a minute and lookup ""Private Conveyance"".  Then lookup the exclusions of the CDC guidelines.  Good Lord you anti maskers are uneducated.",pro-mitigation,pro-mitigation,pro-mitigation,anti-mitigation
"‚ÄúThe general population appears desensitized to the threat, and individuals are not following CDC guidelines related to mask-wearing for unvaccinated persons or maintaining social distancing in crowded indoor locations.‚Äù",unclear,unclear,unclear,pro-mitigation
Of course. Then please follow cdc guidelines on the unvaccinated and we will all get through this healthily.,pro-mitigation,unclear,pro-mitigation,pro-mitigation
"Everyone's life is important. Just because some people have money/can afford to be home till a #CovidVaccine comes,‚Ä¶ https://t.co/UoYtEkjvd9",unclear,pro-mitigation,unclear,anti-mitigation
"Of course they bear *some* responsibility, as is true of nearly anyone infected. None of us take maximal precautions all the time. They were, however, following CDC guidelines for the fully vaccinated. The ""problem"" is that they got infected. We keep learning.",anti-mitigation,pro-mitigation,anti-mitigation,anti-mitigation
I meandered onto some trolls timeline and saw a Bre*tbart personality urging red state legislators to write laws override CDC guidelines. Just like an active effort to doom people.,pro-mitigation,unclear,anti-mitigation,unclear
To those who wear a mask- thank you. Thank you for thinking of others. Thank you for caring about everyone else besides yourselves only. Same thing to those who got vaccinated &amp; wear masks / wore them &amp; follow cdc guidelines ‚ù£Ô∏è,unclear,pro-mitigation,pro-mitigation,pro-mitigation
A federal appeals court panel sided with the CDC in its legal battle with Florida over COVID-19 guidelines for cruise lines.    https://t.co/iMtefYHQis,unclear,pro-mitigation,unclear,unclear
please help us spread the word #covidwarriors #MythAndFact #COVID19India #CovidVaccine‚Ä¶ https://t.co/451g1JYAOh,unclear,unclear,unclear,pro-mitigation
"Is the Russian vaccine good?

It‚Äôs tested on 76 volunteers; phase 3 trials not done. A good vaccine is tested on 20‚Ä¶ https://t.co/9BSK5zeDmp",unclear,unclear,unclear,anti-mitigation
"Bill Gates Vaccine Record 

https://t.co/AWiuCmAqNR via 

#ExposeBillGatesDay #BillGates‚Ä¶ https://t.co/3axeEYcmPb",unclear,unclear,unclear,unclear
did cdc and federal guidelines train or are you not enforcing masks on public transit. I‚Äôm wearing a mask and 80% of other ladies aren‚Äôt. Wellington station. T ambassador not telling folks to mask up. #shame #WearAMask,unclear,pro-mitigation,anti-mitigation,pro-mitigation
Scientists at Oxford University have made a breakthrough in the quest to find a COVID-19 vaccine. Vital preparation‚Ä¶ https://t.co/ciJ0BP1puh,unclear,pro-mitigation,unclear,pro-mitigation
Totally safe all produced &amp; provided by #mypillowguy very trustworthy believe you me LMAO #LiesLiesLies‚Ä¶ https://t.co/YGYdeikEPY,unclear,unclear,unclear,unclear
"Fight against Corona: COVID-19 vaccine maybe ready by the end of 2020, said experts https://t.co/utYNpWsxR2‚Ä¶ https://t.co/yUXDsiCXlq",unclear,pro-mitigation,unclear,pro-mitigation
Sirf  #MukeshAmbani  Company &amp; it's Workers Jobs are Safe baaki Sa‚Ä¶ https://t.co/GW2KpWZpNz,unclear,unclear,unclear,unclear
Welk this is concerning. #CovidVaccine https://t.co/AMuR0zHv3Q,unclear,unclear,unclear,unclear
"Doctor warns the #Italian people on #COVIDvaccine #COVID19 

https://t.co/o1QQgKGrDB",unclear,unclear,unclear,unclear
"People who are fully vaccinated can travel within the U.S., according to updated CDC guidelines announced on Friday.  https://t.co/gcSa5MhcS2 03",pro-mitigation,unclear,unclear,pro-mitigation
"#azaadi from masks. When is this happening? 
#COVID19 #CovidVaccine https://t.co/mtioeYNRdS",unclear,unclear,anti-mitigation,unclear
California schools will still require masks despite CDC guidelines  https://t.co/jBPpz1DjxB,unclear,pro-mitigation,unclear,anti-mitigation
"Johnson &amp; Johnson's coronavirus vaccine is fourth to begin Phase 3 trials in the United States #CovidVaccine
https://t.co/26x8epwVed",unclear,unclear,unclear,unclear
Friday‚Äôs Articles On School Reopening ‚Äì New CDC Guidelines Edition!  https://t.co/fSQuQwxz6r,unclear,unclear,unclear,pro-mitigation
China National Biotech Group has two vaccine candidates out of five from Chinese developers that are in the final s‚Ä¶ https://t.co/gJvxMew7fz,unclear,unclear,unclear,unclear
"I admit, the dropping of masks from CDC guidelines &amp; ensuing dropping of masks in stores are what finally convinced me to get vaccinated. TX was one of the first to drop the mandate, but people still masked in urban areas. But yes, it's backfiring horribly",unclear,unclear,anti-mitigation,pro-mitigation
"#Russia and #Iran To Jointly Produce #Coronavirus Vaccine

#CovidVaccine 

https://t.co/Xj33dRVBCK",unclear,unclear,unclear,unclear
"Federal judge rules in favor of Florida, tosses out CDC cruise guidelines  https://t.co/vJjpvqQ7Vs",unclear,pro-mitigation,unclear,unclear
It will probably be compulsory here too. Why else would Trump say the military is going to distribute the vaccine i‚Ä¶ https://t.co/pAz9w3RsuF,unclear,unclear,unclear,unclear
"As someone who grew up in Upland and Alta Loma, fuck you. This is not only morally bankrupt, it‚Äôs against CDC guidelines.",pro-mitigation,unclear,pro-mitigation,pro-mitigation
The has published updated requirements for Emergency Use Authorization (EUA) for #coronavirus therapeutics.‚Ä¶ https://t.co/2gt87CoBoj,unclear,unclear,unclear,pro-mitigation
"Uttar Pradesh registers record 95 COVID-19 deaths, toll rises to 2,733; 4,991 fresh cases push state's infection co‚Ä¶ https://t.co/IzcEzfsVDv",unclear,unclear,unclear,unclear
"WHO., CDC different guidelines. CDC , Dr Fauci not yet changed it's same fully vaccinated don't need to wear mask outdoors and indoor settings.",unclear,unclear,anti-mitigation,pro-mitigation
